"time{s}","pos{rev}","velocity{rad/s}","pwm"
0.1,0,0,0
0.12,0,0,0
0.14,1.0537857897464926E-17,3.3105656955249E-15,4.35600749411171E-17
0.16,2.9692090596826804E-6,9.32804536883826E-4,1.2273743906366131E-5
0.18,2.5138582258412945E-5,0.0069647139975821445,9.164097365239665E-5
0.2,9.230553769376875E-5,0.02110112137597068,2.77646333894351E-4
0.22,2.3661885625413936E-4,0.04533736614044239,5.965442913216105E-4
0.24,4.955100751014018E-4,0.08133307512094669,0.001070172041065088
0.26,8.206748724393257E-4,0.10215353385228355,0.0013441254454247835
0.28,0.001214151482917675,0.12361432288381943,0.0016265042484713084
0.3,0.0016904341583251373,0.14962861540921757,0.0019687975711739155
0.32,0.0023585828126680935,0.2099050903989738,0.002761909084197024
0.34,0.0032831615666171305,0.29046498210715005,0.0038219076593046055
0.36,0.0043396310155211,0.33189966594187675,0.004367100867656273
0.38,0.005494398897490238,0.36278102945956886,0.004773434598152221
0.4,0.006821447708786626,0.41690467965238015,0.005485587890162897
0.42,0.008350171383470783,0.4802627065756538,0.00631924613915334
0.44,0.010098816277169515,0.5493529951781244,0.00722832888392269
0.46,0.012080567370317397,0.6225854675476925,0.008191914046680165
0.48,0.014213892143148414,0.6702037434047032,0.00881847030795662
0.5,0.01645893203256794,0.7053000823616424,0.009280264241600559
0.52,0.01887014344851139,0.7575044070579782,0.009967163250762872
0.54,0.021451625274611485,0.8109964340251631,0.010671005710857408
0.56,0.024192395314060984,0.8610383021113548,0.011329451343570458
0.58,0.027073224720838084,0.9050392500576386,0.01190841118496893
0.6,0.029977550482798834,0.9124208477407468,0.012005537470272986
0.62,0.03291874681051415,0.9240040775915696,0.012157948389362757
0.64,0.036046905896626916,0.9827401604192014,0.012930791584463176
0.66,0.0392245364807309,0.9982820898843335,0.01313529065637281
0.68,0.0422902622706515,0.9631261619535346,0.01267271265728335
0.7,0.04531827864611517,0.9512794000106249,0.012516834210666117
0.72,0.04838675167203262,0.9639892315960693,0.012684068836790385
0.74,0.05150611852107947,0.9799779976817106,0.012894447337917244
0.76,0.054489115171166905,0.9371360361597649,0.012330737317891643
0.78,0.057234979527728935,0.8626387290329347,0.011350509592538615
0.8,0.05992880994434136,0.8462917846846337,0.011135418219534654
0.82,0.06252727025266193,0.8163303815264562,0.010741189230611266
0.84,0.06500474656378732,0.7783221378474265,0.010241080761150349
0.86,0.06733874201301751,0.7332462956813545,0.009647977574754664
0.88,0.06941732061363287,0.6530047261602209,0.008592167449476591
0.9,0.0712664155688061,0.5809103126962161,0.007643556746002843
0.92,0.07305724788270265,0.5626065641148611,0.007402717948879751
0.94,0.07468267283818432,0.5106423099102678,0.006718977761977208
0.96,0.07611172604055742,0.44895030421643445,0.005907240844953085
0.98,0.07724175232839715,0.3550082284240609,0.004671160900316591
1,0.07829511010590769,0.3309221055428796,0.004354238230827363
1.02,0.07918933212777565,0.28092813345785866,0.003696422808656035
1.04,0.07991471734329265,0.2278864864090906,0.002998506400119613
1.06,0.08057144354404203,0.20631662076941396,0.0027146923785449206
1.08,0.08104175212125289,0.14775179710859057,0.0019441025935340865
1.1,0.08138900337151944,0.10909219767873145,0.0014354236536675191
1.12,0.08174400911490871,0.11152834354139354,0.0014674782044920202
1.14,0.08201131958949658,0.08397806231928098,0.0011049745042010656
1.16,0.08218155875902548,0.053482212434520546,7.037133215068493E-4
1.18,0.08234528711847865,0.051436781124237205,6.767997516347001E-4
1.2,0.0825464214753575,0.06318822179551378,8.314239709936024E-4
1.22,0.08272923412951921,0.05743228912976916,7.556880148653837E-4
1.24,0.08279226325470088,0.019801183663287123,2.6054189030640947E-4
1.26,0.0828700428013545,0.024435165236657303,3.215153320612803E-4
1.28,0.0830152845261185,0.045629033551331216,6.003820204122528E-4
1.3,0.08308370394852953,0.02149459548093284,2.828236247491163E-4
1.32,0.0831109547180516,0.008561081733519878,1.1264581228315628E-4
1.34,0.0831041673065343,-0.0021323282159626663,-2.805695021003508E-5
1.36,0.08315508357849549,0.0159958185941407,2.1047129729132502E-4
1.38,0.08321754110323877,0.01962161008949471,2.5817908012493044E-4
1.4,0.08328230739462493,0.020346930521898846,2.677227700249848E-4
1.42,0.08325721992723495,-0.007881460324953491,-1.0370342532833541E-4
1.44,0.08327867276973287,0.006739609239009253,8.867906893433228E-5
1.46,0.08330943393225158,0.009663904218468468,1.2715663445353248E-4
1.48,0.08334205701681768,0.010248844281026981,1.3485321422403922E-4
1.5,0.08337505274383646,0.010365913360205347,1.363935968448072E-4
1.52,0.08331780722919786,-0.01798420882395881,-2.3663432663103697E-4
1.54,0.0833070242698277,-0.0033875665941250958,-4.457324465954073E-5
1.56,0.08339584984970236,0.027905378918508143,3.671760384014229E-4
1.58,0.08344008659186927,0.013897382421034913,1.828602950136173E-4
1.6,0.08338508979634675,-0.017277752878459566,-2.2733885366394164E-4
1.62,0.08337475709688622,-0.003246113271691914,-4.271201673278834E-5
1.64,0.0833733572166381,-4.3978535033838313E-4,-5.786649346557673E-6
1.66,0.08338413613194134,0.0033862961130319683,4.455652780305221E-5
1.68,0.08346247293449977,0.024610232342326302,3.238188466095566E-4
1.7,0.08369837273744007,0.07411010879005449,9.751330103954539E-4
1.72,0.08420429910382868,0.1589414555903806,0.002091334941978692
1.74,0.08493061892334126,0.22818010091374524,0.003002369748865069
1.76,0.08593663350501299,0.31604880191840723,0.004158536867347463
1.78,0.08740417369323876,0.4610413474177851,0.006066333518655067
1.8,0.08930279029508532,0.5964679968344767,0.007848263116243115
1.82,0.09169475435347098,0.7514576713475194,0.00988760093878315
1.84,0.09466473675672668,0.9330474899359119,0.012276940657051472
1.86,0.09821306847399215,1.1147412855460819,0.014667648494027394
1.88,0.10238683591048893,1.31122771162906,0.017252996205645528
1.9,0.10714890385952308,1.4960477684581093,0.019684839058659333
1.92,0.11259454475093168,1.7107985418537432,0.022510507129654515
1.94,0.1186828810500685,1.9127072589952299,0.025167200776253024
1.96,0.1254004041376565,2.110372118228623,0.02776805418721872
1.98,0.13272721660102899,2.30178602091612,0.03028665816994895
2,0.14071883309900982,2.5106403680363507,0.033034741684688826
2.02,0.14927584918432538,2.6882658870277107,0.03537191956615409
2.04,0.15831590299443726,2.8400166637903874,0.037368640313031415
2.06,0.16783282331175198,2.989828695367543,0.03933985125483609
2.08,0.17775285959910098,3.1164713123679744,0.041006201478525975
2.1,0.1880602705262615,3.238168644629873,0.04260748216618254
2.12,0.19857711108930068,3.303962905181904,0.043473196120814524
2.14,0.2093192707771178,3.3747489958934653,0.04440459205122981
2.16,0.22019392610015587,3.416373727317761,0.04495228588576001
2.18,0.23115906866783717,3.4448011336192326,0.04532633070551622
2.2,0.24201124818980194,3.4093127461642063,0.04485937823900272
2.22,0.2527443350939747,3.3718986968489992,0.0443670881164342
2.24,0.2632485986517333,3.3000117224425307,0.04342120687424382
2.26,0.2735618872966044,3.2400151841078193,0.04263177873826078
2.28,0.2835218010358568,3.128999183362329,0.04117104188634643
2.3,0.2930723601077164,3.0003966217829645,0.039478902918196904
2.32,0.3021082030988405,2.8386937959906366,0.037351234157771536
2.34,0.31060055223747784,2.6679501665662655,0.03510460745481928
2.36,0.31865057159306065,2.5289881668754535,0.033276160090466494
2.38,0.3260766475813987,2.332970576996235,0.030696981276266248
2.4,0.332863205135866,2.1320599356278693,0.02805342020562986
2.42,0.3389689407045827,1.9181734007442446,0.025239123694003218
2.44,0.34444552572680825,1.720519927258381,0.022638420095505016
2.46,0.349308627731764,1.5277885532426771,0.020102480963719437
2.48,0.35357857604312687,1.3414438246185703,0.01765057663971803
2.5,0.35729025854148816,1.1660594469309646,0.015342887459617954
2.52,0.36040633373727804,0.9789438943126759,0.012880840714640473
2.54,0.36295600921009663,0.8010041734445231,0.010539528597954251
2.56,0.3649993359955282,0.641930041799481,0.008446447918414222
2.58,0.36671115649350877,0.5377842700720401,0.00707610881673737
2.6,0.36815323576042763,0.4530425630846304,0.005961086356376716
2.62,0.3692675810725333,0.3500819046073563,0.004606340850096793
2.64,0.3701201368735682,0.26783830413063503,0.0035241882122451977
2.66,0.3709000171070781,0.24500660122745962,0.0032237710687823638
2.68,0.37163956371161533,0.2323354179801638,0.003057044973423208
2.7,0.3722162219194313,0.18116251893069482,0.0023837173543512476
2.72,0.37260547922871706,0.12228879032081146,0.0016090630305369928
2.74,0.3729830636472336,0.11862164353216383,0.0015608110991074187
2.76,0.37334541416535166,0.1138357725744314,0.0014978391128214657
2.78,0.3736273070034159,0.08855924691621754,0.0011652532488975991
2.8,0.3738156966313656,0.0591843471179192,7.787414094463053E-4
2.82,0.37399828919725003,0.05736314635824729,7.547782415558854E-4
2.84,0.3742184306391838,0.06915947367298667,9.099930746445615E-4
2.86,0.37442027908314685,0.06341255886926878,8.343757745956418E-4
2.88,0.3745023498681006,0.025783297508517388,3.3925391458575514E-4
2.9,0.3745088563493511,0.002044071369710674,2.689567591724571E-5
2.92,0.3746292727382551,0.037829924275278204,4.977621615168185E-4
2.94,0.37477247226988436,0.04498745965639171,5.91940258636733E-4
2.96,0.3748299135630619,0.018045714465939056,2.3744361139393493E-4
2.98,0.3748443988871093,0.0045506987611911845,5.987761527883138E-5
3,0.3748244884378474,-0.006255052113090831,-8.230331727751093E-5
3.02,0.37486221002458836,0.011850585978717205,1.5592876287785795E-4
3.04,0.37491145840559464,0.015471835197078811,2.0357677890893173E-4
3.06,0.37496301253251896,0.01619620664075113,2.1310798211514646E-4
3.08,0.37501502819569166,0.016341202529485597,2.150158227563894E-4
3.1,0.3749768205249877,-0.012003293759431054,-1.5793807578198756E-4
3.12,0.3749850791201299,0.0025945141827833844,3.413834451030769E-5
3.14,0.37495747308336747,-0.008672692228783977,-1.1411437143136812E-4
3.16,0.37495940571098074,6.071528712022664E-4,7.988853568450874E-6
3.18,0.37499517044001773,0.011235821000021306,1.4783975000028034E-4
3.2,0.3750994708394922,0.032766936875550316,4.31143906257241E-4
3.22,0.3753197531605481,0.06920373215447614,9.105754230852124E-4
3.24,0.37562171809812395,0.09486508295301053,0.0012482247756975071
3.26,0.37611483205552737,0.15491631859612046,0.002038372613106848
3.28,0.3766966428751248,0.1827812596626288,0.0024050165745082737
3.3,0.37753555139064077,0.263550882937881,0.003467774775498434
3.32,0.378547114810403,0.31779202081652264,0.00418147395811214
3.34,0.37981731243519784,0.39904435266628197,0.005250583587714236
3.36,0.38131202277121223,0.4695771010867685,0.006178646066931164
3.38,0.38312755041389185,0.5703648304631374,0.007504800400830755
3.4,0.3852300620687959,0.6605235169133451,0.00869109890675454
3.42,0.3875315011705839,0.723018417486136,0.009513400230080737
3.44,0.3900844463617851,0.8020313857695341,0.010553044549599133
3.46,0.39299115836753307,0.9131705083359013,0.012015401425472387
3.48,0.39620392112010505,1.0093191861206858,0.013280515606851128
3.5,0.39961337509206146,1.0711115551050796,0.01409357309348789
3.52,0.40324615165780353,1.1412704171068397,0.015016716014563681
3.54,0.4070845010959481,1.20585303967858,0.015866487364191842
3.56,0.41118459499490234,1.2880824871982748,0.01694845377892467
3.58,0.4154547126684315,1.3414970313123091,0.01765127672779354
3.6,0.41992032417117003,1.4029132290789483,0.018459384593144057
3.62,0.42446737288863606,1.4284974846306244,0.01879601953461348
3.64,0.4290103171618573,1.4272080354419654,0.0187790530979206
3.66,0.4336420351784566,1.4550971294448085,0.0191460148611159
3.68,0.43835445293606073,1.4804497007935231,0.019479601326230566
3.7,0.4430217956327117,1.4662889527584517,0.019293275694190155
3.72,0.44764291422454555,1.451767221947241,0.01910220028877949
3.74,0.4521710520801573,1.4225564621631863,0.018717848186357716
3.76,0.456545042804772,1.3741297127319354,0.018080654114893888
3.78,0.46078668292176417,1.332550543071435,0.017533559777255726
3.8,0.46486626743653103,1.281639274129019,0.016863674659592355
3.82,0.46883146789719465,1.2457044637232035,0.016390848206884256
3.84,0.4724986351182937,1.1520745601289877,0.01515887579117089
3.86,0.47585655152629713,1.0549205518752385,0.013880533577305768
3.88,0.4790449874484122,1.0016766869358373,0.01317995640705049
3.9,0.4820159699486359,0.9333616796646477,0.012281074732429575
3.92,0.48466056268206337,0.8308233103072796,0.01093188566193789
3.94,0.48692549387926426,0.711549121001259,0.009362488434227092
3.96,0.4890438226959943,0.6654926248526603,0.008756481905956055
3.98,0.49093679715757993,0.5946954661950662,0.007824940344671924
4,0.4925078515188248,0.493561283967709,0.0064942274206277505
4.02,0.4937278748059486,0.3832816196036574,0.005043179205311282
4.04,0.4948592632985367,0.355436177667077,0.004676791811408908
4.06,0.4958560692749965,0.31315583327005647,0.00412047149039548
4.08,0.4965669157271689,0.2233189991975131,0.002938407884177804
4.1,0.49713705057307084,0.17911314434411685,0.0023567518992646955
4.12,0.49755984732410585,0.1328255167013222,0.0017477041671226604
4.14,0.4979612216983701,0.12609547855277956,0.0016591510335892048
4.16,0.4983422300354388,0.11969729926915239,0.0015749644640677947
4.18,0.49864175439411584,0.09409835247908448,0.001238136216830059
4.2,0.4988475704120322,0.06465900898773688,8.507764340491696E-4
4.22,0.4990475484707758,0.06282496002280867,8.2664421082643E-4
4.24,0.4991947513269778,0.04624514116314635,6.084886995150835E-4
4.26,0.49937010704406914,0.055089623257887646,7.248634639195743E-4
4.28,0.4995252901730928,0.04875221781017013,6.414765501338175E-4
4.3,0.499560319338023,0.011004736720618831,1.4479916737656357E-4
4.32,0.4996100245793593,0.015615362102715668,2.0546529082520617E-4
4.34,0.4997271768717496,0.03680447811246614,4.842694488482387E-4
4.36,0.49976750357833244,0.012669008514419357,1.666974804528863E-4
4.38,0.4998569767454834,0.02810882446147444,3.6985295344045316E-4
4.4,0.4998659639506864,0.0028234137842100956,3.715018137118547E-5
4.42,0.49992336528318615,0.018033160448763432,2.372784269574136E-4
4.44,0.4999904499572318,0.021075271915007434,2.773062094079926E-4
4.46,0.49996915578748174,-0.006689760725073978,-8.802316743518392E-5
4.48,0.49999469691061577,0.008023980480240842,1.0557869052948477E-4
4.5,0.5000296053503699,0.010966809787970473,1.4430012878908517E-4
4.52,0.5000663875114912,0.011555456716183068,1.5204548310767193E-4
4.54,0.500013228646738,-0.016700349898171294,-2.1974144602856962E-4
4.56,0.5000065923804099,-0.0020848445543777275,-2.7432165189180627E-5
4.58,0.5000092606337667,8.38256514380986E-4,1.1029690978697185E-5
4.6,0.5000137897910606,0.0014228767281327286,1.8722062212272746E-5
4.62,0.5000186911291419,0.0015398007708830772,2.0260536458987857E-5
4.64,0.5000236669033806,0.0015631855794331468,2.056823130833088E-5
4.66,0.5000286575648508,0.001567862541143161,2.0629770278199486E-5
4.68,0.5000338624243518,0.0016351548370862647,2.151519522481927E-5
4.7,0.5000404374213265,0.0020655962193357287,2.7178897622838536E-5
4.72,0.5000502411603708,0.0030799354559319573,4.052546652542049E-5
4.74,0.5000656313670181,0.004834976014022046,6.36181054476585E-5
4.76,0.5000894218481771,0.007474000083427228,9.834210636088458E-5
4.78,0.5001248711347567,0.011136721829356603,1.4653581354416584E-4
4.8,0.5001756770452176,0.015961147506275707,2.100150987667856E-4
4.82,0.5002459720215169,0.022083818112619173,2.905765541134102E-4
4.84,0.5002500021837549,0.0012661128079623522,1.6659379052136214E-5
4.86,0.500329517383978,0.02498043688697736,3.286899590391758E-4
4.88,0.5004527644526504,0.03871920855174504,5.094632704176978E-4
4.9,0.5005278128235785,0.02357714107718076,3.102255404892205E-4
4.92,0.5006058458940725,0.024514812100082932,3.2256331710635435E-4
4.94,0.5007927920051591,0.05873085292068916,7.727743805353836E-4
4.96,0.500960696495919,0.05274875146757472,6.940625193101937E-4
4.98,0.5011544694133733,0.060875557393923994,8.00994176235842E-4
5,0.5012990638078176,0.045425668733654175,5.977061675480812E-4
5.02,0.501540873439145,0.07596673613452608,9.995623175595538E-4
5.04,0.5018515246120663,0.09759394426787273,0.0012841308456299043
5.06,0.50214215863795,0.09130537205992861,0.001201386474472745
5.08,0.5024669117458359,0.10202419779649566,0.001342423655217048
5.1,0.5027539489675242,0.09017540269626316,0.0011865184565297785
5.12,0.5031516313550813,0.12493560672117467,0.0016438895621207193
5.14,0.5036332601607177,0.1513081517544481,0.001990896733611159
5.16,0.504111548260999,0.15025863821431196,0.001977087344925157
5.18,0.5045518203783755,0.13831556495303604,0.0018199416441188954
5.2,0.5051107642874266,0.17559740784437203,0.0023104922084785794
5.22,0.505673885515866,0.1769097514345406,0.002327759887296587
5.24,0.5062919784978905,0.19417963715636927,0.002554995225741701
5.26,0.5069845618332159,0.21758147182572654,0.0028629141029700863
5.28,0.507674749115339,0.2168287295118863,0.002853009598840609
5.3,0.5084213545048383,0.23455300067814525,0.00308622369313349
5.32,0.5092459650902165,0.2590590557096488,0.003408671785653274
5.34,0.5100725385901987,0.2596757235196391,0.0034167858357847247
5.36,0.5109604537956156,0.27894678863482525,0.0036703524820371745
5.38,0.5119317714384298,0.30514843709673,0.004015111014430658
5.4,0.512910869171384,0.30759262449953295,0.004047271374993855
5.42,0.5139574990828042,0.3288084840745072,0.004326427422032989
5.44,0.5150940496398546,0.35705788804626454,0.004698130105871902
5.46,0.5162451805852618,0.36163845214111595,0.004758400686067315
5.48,0.5173805641525175,0.35669126738971063,0.004693306149864613
5.5,0.5186595421677549,0.4018027936772731,0.005286878864174646
5.52,0.5199697598308135,0.4116170184868522,0.0054160134011427925
5.54,0.5213638707920357,0.43797287540649393,0.005762800992190709
5.56,0.5227727014839619,0.44259721519072287,0.005823647568298985
5.58,0.5241672088929322,0.43809742313977806,0.005764439778154974
5.6,0.5257069809112042,0.48373364608060043,0.006364916395797374
5.62,0.5272796387802516,0.4940650408009936,0.006500855800013074
5.64,0.5289376959854086,0.5208940334952774,0.006853868861779966
5.66,0.5306117535096431,0.5259206819821556,0.006920008973449415
5.68,0.5322724640210107,0.5217275942252131,0.006864836766121225
5.7,0.5340790338120324,0.5675506383670893,0.007467771557461702
5.72,0.53591862593683,0.5779249104865788,0.007604275137981301
5.74,0.5378432196927753,0.6046289604822545,0.00795564421687177
5.76,0.5397828065112312,0.6093391699860622,0.008017620657711343
5.78,0.5417976708908699,0.6329883133052534,0.008328793596121755
5.8,0.5438191816882054,0.6350763470061818,0.00835626772376555
5.82,0.5459075924639266,0.6560935950683388,0.00863281046142551
5.84,0.5480842530440883,0.6838180887994366,0.008997606431571535
5.86,0.5502722356766964,0.6873750164783627,0.009044408111557404
5.88,0.552529592146417,0.7091694501807626,0.009331176976062665
5.9,0.5547863412985462,0.7089786557324183,0.009328666522794977
5.92,0.5571918257215477,0.7557052191626281,0.009943489725824053
5.94,0.5596293770695989,0.7657793407785471,0.010076043957612463
5.96,0.562057914136575,0.7629474208582702,0.010038781853398291
5.98,0.5644512313911448,0.7518827904666314,0.009893194611403045
6,0.5669664795515215,0.7901885142594509,0.010397217292887511
6.02,0.5695778836307291,0.820396787079322,0.010794694566833183
6.04,0.5721970101095213,0.8228228504595789,0.010826616453415512
6.06,0.5748774438956151,0.8420831090826444,0.011080040908982163
6.08,0.5775460623612361,0.8383712166828661,0.011031200219511397
6.1,0.5802589359416729,0.8522743710418343,0.011214136461076767
6.12,0.5830331636063676,0.871549325079025,0.011467754277355593
6.14,0.5858777438372257,0.8936512355810531,0.011758568889224382
6.16,0.5887094262364791,0.8895992622794413,0.01170525345104528
6.18,0.591490702230009,0.8737636228878877,0.011496889774840627
6.2,0.5943735186436802,0.9056634866837481,0.011916624824786158
6.22,0.5973280458075365,0.92819208328029,0.012213053727372237
6.24,0.6003522743103148,0.9500894047105137,0.012501176377769917
6.26,0.6033591028653299,0.9446230499039421,0.012429250656630817
6.28,0.6063085782036897,0.9266050054935321,0.012192171124914896
6.3,0.6092601444283332,0.9272618767923814,0.012200814168320808
6.32,0.6123185788991267,0.9608355264930871,0.012642572717014305
6.34,0.6154425445844712,0.98142276471448,0.012913457430453683
6.36,0.618535319270349,0.9716238232362192,0.012784523989950253
6.38,0.6216435710097511,0.9764860830013316,0.012848501092122783
6.4,0.6246874580385866,0.9562653128147052,0.012582438326509278
6.42,0.62780661684852,0.9799126402666393,0.012893587371929464
6.44,0.6309648789041213,0.9921972871988501,0.013055227463142765
6.46,0.6341550616761342,1.0022254760164546,0.013187177316005983
6.48,0.63728509995283,0.9833305255522277,0.012938559546739838
6.5,0.6404004150683801,0.978705108062924,0.012877698790301631
6.52,0.6435993681907852,1.0049807628526168,0.013223431090166009
6.54,0.6467454043706566,0.9883564150611478,0.013004689671857209
6.56,0.6499642790010604,1.0112392891702815,0.013305780120661598
6.58,0.6531241983639724,0.9927179456460598,0.013062078232184996
6.6,0.6562608410085466,0.985405348913129,0.012965859854120118
6.62,0.659378516749514,0.979446720409752,0.012887456847496736
6.64,0.6625652286165368,1.0011350590546662,0.013172829724403501
6.66,0.6656802303421269,0.9786066537033009,0.012876403338201328
6.68,0.668756021972597,0.9662884390258379,0.012714321566129446
6.7,0.6718852213726313,0.9830669846764829,0.012935091903637933
6.72,0.6750173116587099,0.9839751833124931,0.012947041885690699
6.74,0.678047017355729,0.9518101160294479,0.012523817316176945
6.76,0.6811029331592994,0.9600442638484971,0.012632161366427593
6.78,0.6841407757903285,0.9543664092403024,0.012557452753161873
6.8,0.6871458889981119,0.9440841576778396,0.012422159969445259
6.82,0.6901092405708104,0.9309643530793442,0.012249530961570318
6.84,0.6931129449334217,0.943641555913572,0.012416336262020685
6.86,0.6961022325789201,0.9391124106564365,0.012356742245479427
6.88,0.6989688731540953,0.9005816971452197,0.011849759172963418
6.9,0.7018388160814453,0.9016191616784854,0.011863410022085335
6.92,0.7046652472005925,0.887949523979051,0.011683546368145408
6.94,0.7075213731101725,0.8972784175264338,0.011806294967453076
6.96,0.7103493337329331,0.8884300317105382,0.011689868838296556
6.98,0.7130390155672647,0.8449884691230025,0.011118269330565823
7,0.7157147718294514,0.8406136216083089,0.011060705547477748
7.02,0.7184186124611376,0.8494365864982988,0.011176797190767088
7.04,0.7210855578929665,0.837845617615829,0.01102428444231354
7.06,0.7236032307670602,0.7909502605395436,0.010407240270257153
7.08,0.7260947327610456,0.7827284360708515,0.01029905836935331
7.1,0.7286010668710452,0.7873880827416069,0.010360369509757985
7.12,0.7311466545482651,0.7997199545822898,0.01052263098134592
7.14,0.7335718183332128,0.7618876730544037,0.010024837803347418
7.16,0.7358992589987621,0.7311870496555635,0.009620882232310045
7.18,0.7382138304303513,0.7271440605689026,0.00956768500748556
7.2,0.7404578745581926,0.7049872546358188,0.009276148087313404
7.22,0.7426999536401125,0.7043699172526908,0.00926802522700909
7.24,0.7448789553258127,0.6845535687955279,0.009007283799941156
7.26,0.7469722631685575,0.6576320540469135,0.008653053342722546
7.28,0.7490552081675965,0.6543764706812311,0.008610216719489881
7.3,0.7510678287698496,0.6322834098501685,0.008319518550660111
7.32,0.753077888636122,0.6314789309157312,0.008308933301522778
7.34,0.7549335231716233,0.5829647824479056,0.007670589242735599
7.36,0.7567485772866352,0.5702160673589172,0.0075028429915647
7.38,0.758561010662486,0.5693927378693678,0.007492009708807472
7.4,0.7603936128872778,0.5757289686357965,0.00757538116626048
7.42,0.762085526894111,0.5315304614372725,0.006993821861016743
7.44,0.7637488512975489,0.5225487726376772,0.0068756417452325936
7.46,0.765330982485811,0.49704117180597307,0.006540015418499645
7.48,0.7668109435762159,0.4649434889214857,0.0061176774858090225
7.5,0.7683547837488475,0.48501169446560266,0.006381732821915825
7.52,0.769766069090313,0.44336836608668473,0.005833794290614273
7.54,0.7711501262613597,0.4348143840708863,0.005721241895669556
7.56,0.772453401648659,0.40943603823435043,0.005387316292557243
7.58,0.7737455092856449,0.40592758600022605,0.005341152447371395
7.6,0.7749659987751207,0.3834280813920657,0.005045106334106127
7.62,0.7760930578439302,0.35407604907337087,0.0046588953825443535
7.64,0.7772030695064899,0.34872044844965017,0.004588426953284871
7.66,0.7783277081735227,0.353315657429332,0.004648890229333316
7.68,0.779309248679344,0.30836004422894703,0.004057369003012461
7.7,0.780261924145068,0.2992918244373505,0.003938050321544085
7.72,0.7812255334332133,0.3027267860568149,0.003983247184958091
7.74,0.7821348786245852,0.28567921727908663,0.0037589370694616664
7.76,0.7828781732242139,0.2335128853647056,0.0030725379653250735
7.78,0.7835796815401894,0.22038533719005782,0.0028998070682902345
7.8,0.7843724082820966,0.24904245086797216,0.0032768743535259498
7.82,0.78514620882647,0.24309661055474552,0.003198639612562441
7.84,0.785781268273595,0.19950980936802423,0.002625129070631898
7.86,0.7863109270358483,0.16639720764047372,0.0021894369426378123
7.88,0.7868252330795681,0.16157400886468068,0.0021259738008510614
7.9,0.787361344757788,0.16842445097998618,0.002216111197105081
7.92,0.7878558139782744,0.15534208705064473,0.0020439748296137467
7.94,0.7882898768993306,0.1363648883985842,0.001794274847349792
7.96,0.7887443244355691,0.14276890412885304,0.0018785382122217507
7.98,0.7890750245161284,0.1038924943626934,0.0013670065047722817
8,0.789402828968185,0.10298280583949786,0.0013550369189407612
8.02,0.7896825701648027,0.0878832888200609,0.001156359063421854
8.04,0.7899910302402069,0.09690559068159109,0.0012750735615998827
8.06,0.7902748868197215,0.08917617448760619,0.0011733707169421866
8.08,0.7905196444451613,0.07689287579919601,0.0010117483657788948
8.1,0.7906285985340539,0.0342289365243337,4.5038074374123294E-4
8.12,0.7908244069343134,0.06151502317670466,8.094081996934824E-4
8.14,0.7910197853522177,0.06137994023580827,8.076307925764246E-4
8.16,0.7911045192557774,0.02661994089333113,3.502623801754096E-4
8.18,0.7912093061515559,0.03291977419702021,4.3315492364500276E-4
8.2,0.7912940465161264,0.026621970679738878,3.5028908789130106E-4
8.22,0.791349352197971,0.017374792378483325,2.2861568919057006E-4
8.24,0.791462654933999,0.03559510431370681,4.683566357066686E-4
8.26,0.7914959706092621,0.010466428065599812,1.3771615875789227E-4
8.28,0.7915762488765161,0.025220161464747103,3.31844229799304E-4
8.3,0.7915741366019008,-6.635906413422819E-4,-8.73145580713529E-6
8.32,0.7916190372703159,0.014105961003427349,1.856047500450967E-4
8.34,0.7916730458156856,0.016967284936457237,2.2325374916391105E-4
8.36,0.7916385576577591,-0.010834774357790561,-1.4256282049724422E-4
8.38,0.7916508810917949,0.0038715209833745197,5.0941065570717366E-5
8.4,0.7916725669732447,0.00681282058494087,8.964237611764302E-5
8.42,0.791696125473199,0.007401121038587473,9.738317156036148E-5
8.44,0.7917200586258757,0.007518821662650126,9.89318639822385E-5
8.46,0.7917440668381186,0.0075424023207959915,9.924213579994725E-5
8.48,0.7917680901912961,0.007547158985758497,9.930472349682233E-5
8.5,0.7917018006734914,-0.020825466214555586,-2.74019292296784E-4
8.52,0.7916819592560684,-0.006233365121304175,-8.201796212242335E-5
8.54,0.7917617233578912,0.02505863163065269,3.2971883724543016E-4
8.56,0.7917968978889848,0.011050404847729837,1.454000637859189E-4
8.58,0.7917328386067631,-0.020124817042161323,-2.6480022423896473E-4
8.6,0.7917134432364568,-0.006093235286825322,-8.01741485108595E-5
8.62,0.7917932965477027,0.02508665759754846,3.3008759996774287E-4
8.64,0.7918284889206811,0.011056010041108991,1.4547381633038146E-4
8.66,0.7917644332068364,-0.02012369600348549,-2.647854737300722E-4
8.68,0.7917450385502054,-0.006093011079090157,-8.017119840908101E-5
8.7,0.7917345759759954,-0.0032869146275444237,-4.32488766782161E-5
8.72,0.7917258996892481,-0.00272573587056861,-3.5864945665376445E-5
8.74,0.7917175805309717,-0.0026135406525067805,-3.438869279614185E-5
8.76,0.791799648697559,0.025782474924412168,3.392430911106864E-4
8.78,0.7918352836545408,0.011195051906481733,1.4730331455897018E-4
8.8,0.791771316070432,-0.02009600923041094,-2.6442117408435444E-4
8.82,0.7917519386526833,-0.006087595324475247,-8.009993847993746E-5
8.84,0.7917866371532806,0.01090085545671033,1.434323086409254E-4
8.86,0.7917998667696327,0.004156206554192908,5.468692834464352E-5
8.88,0.7918086224366199,0.0027506739084502056,3.619307774276586E-5
8.9,0.7918160820518962,0.0023435072550683114,3.083562177721463E-5
8.92,0.7918226110298029,0.0020511389027168827,2.698866977259056E-5
8.94,0.7918279632547588,0.0016814510601531705,2.212435605464698E-5
8.96,0.7918317213223677,0.0011806317591635876,1.5534628410047205E-5
8.98,0.791833384645884,5.225484939767568E-4,6.875638078641537E-6
9,0.7918323871435546,-3.133745990388169E-4,-4.123349987352855E-6
9.02,0.7918281008499293,-0.0013465788564746071,-1.7718142848350094E-5
9.04,0.791819836719749,-0.002596253066250586,-3.416122455592876E-5
9.06,0.7918068448781185,-0.00408150742233578,-5.370404503073394E-5
9.08,0.7917883147676902,-0.005821405879136237,-7.659744577810838E-5
9.1,0.791763375282992,-0.007834970191229385,-1.0309171304249192E-4
9.12,0.7917310949099046,-0.010141178294676183,-1.3343655650889717E-4
9.14,0.7916904818738754,-0.012758961562905603,-1.6788107319612637E-4
9.16,0.7917308003257565,0.012666415223355447,1.6666335820204534E-4
9.18,0.7917141750845105,-0.005222973576229334,-6.872333652933334E-5
9.2,0.7916765927083524,-0.011806851684270682,-1.5535331163514055E-4
9.22,0.7916242536789632,-0.01644279102249347,-2.1635251345386144E-4
9.24,0.7915573538004641,-0.02101721668188851,-2.765423247616909E-4
9.26,0.7914748406453128,-0.025922272204793893,-3.41082529010446E-4
9.28,0.7914656810453219,-0.002877573204124401,-3.786280531742633E-5
9.3,0.7913916561408966,-0.023255609592526053,-3.059948630595533E-4
9.32,0.7913787165870136,-0.004065080741928305,-5.348790449905664E-5
9.34,0.7912959469794506,-0.026002839106034733,-3.421426198162465E-4
9.36,0.7911803497264569,-0.036315948078002404,-4.77841422078979E-4
9.38,0.7911282698812648,-0.016361365905570847,-2.1528113033645853E-4
9.4,0.7910930485285461,-0.011065114295092908,-1.455936091459593E-4
9.42,0.7909735750364807,-0.0375337044970887,-4.938645328564302E-4
9.44,0.7908126295384202,-0.05056251943354255,-6.652963083360862E-4
9.46,0.790707530320226,-0.03301789317768058,-4.344459628642181E-4
9.48,0.7906116317467773,-0.030127425383655072,-3.964134918901983E-4
9.5,0.7905139614791723,-0.03068401951817483,-4.03737098923353E-4
9.52,0.7904106373762575,-0.032460224265604215,-4.271082140211081E-4
9.54,0.7902991511437132,-0.03502443291376266,-4.60847801496877E-4
9.56,0.7900869093115105,-0.06667773808322723,-8.77338658989832E-4
9.58,0.7899084003423695,-0.0560802466053266,-7.378979816490342E-4
9.6,0.7898144643921522,-0.029510849111076008,-3.8830064619836853E-4
9.62,0.789658537109471,-0.04898600057653016,-6.445526391648705E-4
9.64,0.7894738678748767,-0.058015551074546735,-7.633625141387729E-4
9.66,0.789265115578146,-0.06558146818292868,-8.629140550385353E-4
9.68,0.7890311788945067,-0.07349337667264119,-9.670181141137E-4
9.7,0.7888600786919601,-0.05375271393481771,-7.072725517739172E-4
9.72,0.7887027922413595,-0.04941299577159947,-6.501709969947299E-4
9.74,0.7884570417447506,-0.07720479547631041,-0.001015852572056716
9.76,0.7881646841831063,-0.0918468367883463,-0.0012085110103729777
9.78,0.7879221682869507,-0.07618861577408341,-0.0010024817865010975
9.8,0.7876819944888298,-0.07545282397616777,-9.928003154758918E-4
9.82,0.7874323446542281,-0.07842980863544705,-0.0010319711662558821
9.84,0.7871684975935656,-0.08288999874490433,-0.0010906578782224254
9.86,0.7868871125402831,-0.08839972162221485,-0.0011631542318712481
9.88,0.786585086228365,-0.09488436427128939,-0.0012484784772538078
9.9,0.7862593246959012,-0.10234100372102231,-0.0013465921542239777
9.92,0.7859066980399535,-0.1107809311785139,-0.0014576438312962354
9.94,0.7856143477959018,-0.09184453789882653,-0.0012084807618266647
9.96,0.785242290189333,-0.11688534435085883,-0.0015379650572481425
9.98,0.7848244171777574,-0.13127867832997508,-0.001727351030657567
10,0.7844551649240817,-0.11600401674687495,-0.0015263686414062492
10.02,0.7840862161166228,-0.1159086863063897,-0.0015251142935051277
10.04,0.7837051782398156,-0.11970657945172371,-0.0015750865717332066
10.06,0.7833068088597471,-0.12515143178379928,-0.0016467293655763062
10.08,0.7828872611218199,-0.13180480913022027,-0.0017342738043450037
10.1,0.7824429332963331,-0.13958970323348358,-0.0018367066214932052
10.12,0.7819702391390716,-0.1485012491847619,-0.0019539638050626567
10.14,0.7814655624202459,-0.1585488672300386,-0.002086169305658403
10.16,0.7810155643205724,-0.14137107240640265,-0.0018601456895579298
10.18,0.7805701027758526,-0.13994587163486968,-0.0018413930478272326
10.2,0.7800258381674808,-0.1709857695269779,-0.0022498127569339195
10.22,0.7794235867363715,-0.1892028671586757,-0.002489511409982575
10.24,0.778858770399053,-0.17744228559468614,-0.0023347669157195543
10.26,0.7783731914281049,-0.15254913278686247,-0.002007225431406085
10.28,0.7778172666276515,-0.17464892690531597,-0.0022980121961225786
10.3,0.7772224438410815,-0.186869089647576,-0.0024588038111523157
10.32,0.7765918375732437,-0.19811080183474944,-0.0026067210767730187
10.34,0.7759228674246686,-0.21016317042339092,-0.0027653048739919857
10.36,0.7753021023172949,-0.19501911009298553,-0.002566040922276125
10.38,0.7746790872527858,-0.19572595497377296,-0.0025753415128128023
10.4,0.7740404465609932,-0.20063489056188508,-0.0026399327705511192
10.42,0.7732898782415709,-0.23579799183142033,-0.003102605155676583
10.44,0.7725596119903116,-0.2294199090120929,-0.003018683013317012
10.46,0.7718985373852942,-0.20768271225975335,-0.002732667266575702
10.48,0.7711582196109124,-0.23257768813199414,-0.0030602327385788703
10.5,0.7703700723182672,-0.24760377445209963,-0.0032579444006855217
10.52,0.7696272605882233,-0.23336118741060188,-0.0030705419396131824
10.54,0.7688804502731637,-0.23461737994164897,-0.0030870707887059074
10.56,0.7680259797656368,-0.2684398269155486,-0.003532102985730903
10.58,0.7671944427333307,-0.2612350631880626,-0.003437303463000824
10.6,0.7663439252449763,-0.267197949316425,-0.003515762491005592
10.62,0.7655528179662567,-0.2485336815026331,-0.0032701800197714884
10.64,0.7646784097301561,-0.2747034490772043,-0.0036145190668053196
10.66,0.7637530867984236,-0.29069877245291204,-0.003824983848064632
10.68,0.7627797251041527,-0.30579059480071497,-0.004023560457904144
10.7,0.7618455961063546,-0.2934652796987972,-0.0038613852591947
10.72,0.7609903219643314,-0.26869229613853474,-0.0035354249491912466
10.74,0.7600633458998257,-0.29121811943044634,-0.003831817360926925
10.76,0.7590050799997591,-0.33246403771940586,-0.004374526812097445
10.78,0.7579547458114375,-0.32997221698453577,-0.0043417396971649445
10.8,0.7569622899021442,-0.311789219364751,-0.004102489728483566
10.82,0.7559694731405902,-0.31190258444589136,-0.004103981374288044
10.84,0.7548705996916651,-0.345221275436756,-0.004542385203115211
10.86,0.7537956112371111,-0.3377175831520691,-0.004443652409895646
10.88,0.7527022264377553,-0.34349696532027724,-0.004519696912108911
10.9,0.7515782176063872,-0.35311778871961547,-0.004646286693679151
10.92,0.750417355840218,-0.3646954796430773,-0.004798624732145754
10.94,0.749304916678953,-0.3494830696595305,-0.004598461442888559
10.96,0.7480993232114771,-0.3787483580638375,-0.004983531027155757
10.98,0.7469232713115795,-0.3694676008958548,-0.004861415801261247
11,0.7457329645107424,-0.37394591010275985,-0.004920340922404735
11.02,0.7445158097636928,-0.38238044116130626,-0.005031321594227714
11.04,0.7432654464093821,-0.3928132328220409,-0.005168595168711064
11.06,0.7419767525759753,-0.40485510797573954,-0.005327040894417625
11.08,0.7406448470758685,-0.4184304534410686,-0.005505663861066692
11.1,0.7393552064280321,-0.4051525585013931,-0.005330954717123594
11.12,0.7380565462767171,-0.4079861190880932,-0.005368238409053858
11.14,0.7366444196414652,-0.4436326663245687,-0.005837271925323273
11.16,0.7352488850115843,-0.43842013410645514,-0.0057686859750849355
11.18,0.7339178766326259,-0.41814861452022006,-0.005501955454213422
11.2,0.7325022687338151,-0.44472633752678103,-0.005851662335878698
11.22,0.7310328581690746,-0.4616289435295807,-0.006074065046441851
11.24,0.7296022294127648,-0.44944527908370685,-0.005913753672154037
11.26,0.728160496381124,-0.4529337900640535,-0.005959655132421757
11.28,0.7266034727665838,-0.4891533948905424,-0.006436228880138716
11.3,0.7250612545521758,-0.48450214126157626,-0.006375028174494424
11.32,0.7235817731843744,-0.4647927796208401,-0.0061156944686952645
11.34,0.7221062124076701,-0.4635610896019007,-0.006099488021077641
11.36,0.7205286027978879,-0.4956206760324796,-0.00652132468463789
11.38,0.718888373087776,-0.5152933607487167,-0.00678017579932522
11.4,0.7172798397032041,-0.5053356664025025,-0.006649153505296085
11.42,0.7156534734918455,-0.5109380141651022,-0.006722868607435556
11.44,0.7139954910654928,-0.520870541041068,-0.006853559750540368
11.46,0.7122992628835015,-0.5328857995355352,-0.007011655257046515
11.48,0.710649911515503,-0.518159014089222,-0.006817881764331869
11.5,0.7089057732808001,-0.5479371864988136,-0.00720969982235281
11.52,0.7071894871997626,-0.5391871743645447,-0.007094568083744009
11.54,0.7054572226162155,-0.544206968974572,-0.007160618012823316
11.56,0.703696373516714,-0.553187059507417,-0.007278777098781802
11.58,0.7019005872034124,-0.5641629089285486,-0.007423196170112481
11.6,0.7000647706399103,-0.5767387829236248,-0.007588668196363484
11.62,0.6981840923302608,-0.5908325161360288,-0.0077741120544214315
11.64,0.6963440993312686,-0.578050848829056,-0.007605932221434948
11.66,0.6944935986596862,-0.5813519315306952,-0.007649367520140726
11.68,0.6926185715559494,-0.5890571374380789,-0.007750751808395774
11.7,0.6907124461364523,-0.598826961471252,-0.007879302124621738
11.72,0.6887701525252072,-0.6101895340202117,-0.00802880965816068
11.74,0.6867869344793688,-0.6230463243273001,-0.008197977951675001
11.76,0.6848484283396105,-0.6089996647603398,-0.008013153483688681
11.78,0.6829035368131358,-0.6110056931602214,-0.00803954859421344
11.8,0.6808480256720103,-0.6457578700331779,-0.00849681407938392
11.82,0.6788121915095366,-0.6395761648754429,-0.008415475853624248
11.84,0.6767539158999316,-0.6466263534198211,-0.008508241492366068
11.86,0.6746611249963135,-0.6574696528306685,-0.008650916484614059
11.88,0.6726180872573196,-0.6418392351829519,-0.008445253094512526
11.9,0.67057353097015,-0.6423163011623092,-0.008451530278451438
11.92,0.6684232896811285,-0.6755182237035252,-0.008888397680309542
11.94,0.6662074636539973,-0.6961222768468467,-0.009159503642721667
11.96,0.6640208313832152,-0.6869507877991493,-0.009038826155251964
11.98,0.6619046166941299,-0.6648284520649309,-0.008747742790328038
12,0.6597087214746629,-0.6898608289530639,-0.009077116170435051
12.02,0.6574641419584482,-0.7051554518537829,-0.009278361208602407
12.04,0.6552639203864131,-0.6912199926975504,-0.009094999903915137
12.06,0.6530587040949661,-0.6927891300786425,-0.009115646448403191
12.08,0.650744879233422,-0.726909518672049,-0.009564598929895382
12.1,0.6484531458809716,-0.7199692664045021,-0.009473279821111869
12.12,0.6461417536339872,-0.7261452902690665,-0.009554543293014034
12.14,0.6437989974437811,-0.735998563630309,-0.009684191626714592
12.16,0.641419206515979,-0.7476333695862749,-0.009837281178766775
12.18,0.6390882586499844,-0.7322888691709292,-0.009635379857512226
12.2,0.636755541032234,-0.7328448530824335,-0.009642695435295178
12.22,0.6343173642671176,-0.7659758213442948,-0.010078629228214404
12.24,0.6319045935285362,-0.7579942827123808,-0.00997360898305764
12.26,0.6294756953254171,-0.7630608751236527,-0.010040274672679641
12.28,0.6270191955458206,-0.7717321661125044,-0.010154370606743478
12.3,0.6245296607677026,-0.7821104169792207,-0.010290926539200272
12.32,0.6220932110502002,-0.7654332533346276,-0.010071490175455626
12.34,0.6196594803862184,-0.7645790374781303,-0.010060250493133293
12.36,0.6171250306336138,-0.7962208723675215,-0.01047659042588844
12.38,0.6145306665864484,-0.8150435031312309,-0.010724256620147775
12.4,0.6119718781218485,-0.8038671042477002,-0.010577198740101318
12.42,0.6094906133360062,-0.7795123222813786,-0.010256741082649718
12.44,0.6069375123903072,-0.8020803174880574,-0.010553688388000755
12.46,0.6042540078946271,-0.8430478009503778,-0.011092734223031286
12.48,0.6015803558945275,-0.8399525481768753,-0.011052007212853623
12.5,0.599057905405463,-0.7924511925489024,-0.010426989375643451
12.52,0.5964927997192089,-0.8058517179617601,-0.010603312078444213
12.54,0.5938177076352659,-0.8404049638591177,-0.011057960050777863
12.56,0.591080953764307,-0.8597765855687853,-0.011312849810115598
12.58,0.5883798344775072,-0.8485816507880077,-0.011165548036684313
12.6,0.5856666497266271,-0.8523721281196929,-0.01121542273841701
12.62,0.5830195632364122,-0.8316067471075653,-0.010942194040889017
12.64,0.5802968055264088,-0.8553795619251758,-0.011254994235857577
12.66,0.5775319949058336,-0.8685908734165955,-0.011428827281797308
12.68,0.5747293538969089,-0.8804756404287537,-0.01158520579511518
12.7,0.5719775797506532,-0.8644953442214958,-0.011374938739756523
12.72,0.5692274763413957,-0.863970466713587,-0.011368032456757724
12.74,0.5664668183102172,-0.8672862989824164,-0.011411661828716006
12.76,0.5636004974428754,-0.9004812579671654,-0.011848437604831124
12.78,0.560762010950324,-0.891736831231347,-0.011733379358307197
12.8,0.5579112795140466,-0.8955836937566336,-0.011783995970482021
12.82,0.5551283754664397,-0.8742750911607501,-0.011503619620536185
12.84,0.5522722993489313,-0.8972627748857637,-0.011806089143233733
12.86,0.5493772155522098,-0.9095173987307235,-0.011967334193825308
12.88,0.5464478516061234,-0.9202868252715369,-0.012109037174625486
12.9,0.5435734052056872,-0.9030339694748427,-0.011882025914142667
12.92,0.5407051833439566,-0.9010784729678286,-0.011856295696945114
12.94,0.5378314678388902,-0.9028043519223741,-0.011879004630557554
12.96,0.5348576619231421,-0.934248681811648,-0.012292745813311159
12.98,0.5319177785015866,-0.9235916159569127,-0.012152521262590957
13,0.5289722581261481,-0.9253625172476733,-0.012175822595364122
13.02,0.5260113810674494,-0.9301869615790187,-0.01223930212603972
13.04,0.5230314392143565,-0.9361763433801621,-0.012318109781317923
13.06,0.520029970735736,-0.9429391322415052,-0.012407093845282963
13.08,0.5170951233158331,-0.9220095093774076,-0.012131704070755363
13.1,0.5140880684389952,-0.9446941510015144,-0.012430186197388348
13.12,0.5110439644865853,-0.9563334613654786,-0.012583335017966824
13.14,0.5080586174571468,-0.9378744296100291,-0.012340453021184594
13.16,0.5050851815584579,-0.9341324375240776,-0.012291216283211547
13.18,0.5020225209142379,-0.9621632180320491,-0.012660042342526961
13.2,0.49891351393570693,-0.9767233483712212,-0.01285162300488449
13.22,0.49585569307132843,-0.9606427563524988,-0.012640036267796037
13.24,0.49289305720386345,-0.9307395076489553,-0.012246572469065202
13.26,0.4898783130868875,-0.947109797034448,-0.012461971013611158
13.28,0.48675497698207876,-0.9812249761559112,-0.012910854949419884
13.3,0.4835750896027251,-0.9989910830220439,-0.013144619513447945
13.32,0.48052856477265504,-0.957094002512693,-0.012593342138324908
13.34,0.4775232849378479,-0.9441365051011732,-0.012422848751331227
13.36,0.47444947916784147,-0.9656645625614036,-0.012706112665281627
13.38,0.47125840388759394,-1.0025058657477695,-0.013190866654575913
13.4,0.4680942004340949,-0.9940638323975991,-0.013079787268389462
13.42,0.4650106135700501,-0.9687373838789227,-0.012746544524722668
13.44,0.4619530409078576,-0.9605647813360981,-0.012639010280738133
13.46,0.45881945347454656,-0.9844455259871323,-0.012953230605093846
13.48,0.4556532117500208,-0.9947041741259557,-0.013088212817446786
13.5,0.45246229161658835,-1.002457124938298,-0.0131902253281355
13.52,0.44933795649217934,-0.9815388274196079,-0.01291498457131063
13.54,0.4462333492588453,-0.9753411276523939,-0.012833435890163078
13.56,0.44304823209367006,-1.0006340686937247,-0.013166237745970063
13.58,0.43991688234977816,-0.9837425351231246,-0.012943980725304272
13.6,0.43680119183377325,-0.9788230435940476,-0.012879250573605889
13.62,0.43360281888672425,-1.0047984953889375,-0.013221032834064967
13.64,0.4303662506636451,-1.016797895246773,-0.013378919674299647
13.66,0.42719039429737315,-0.9977247029136385,-0.013127956617284716
13.68,0.4241205794105193,-0.9644107896420698,-0.012689615653185129
13.7,0.4210108374065761,-0.9769542634147669,-0.012854661360720616
13.72,0.417806010509304,-1.0068260636496977,-0.013247711363811813
13.74,0.41455946801743626,-1.0199314042018692,-0.013420150055287754
13.76,0.41137213902805725,-1.0013289337606979,-0.013175380707377603
13.78,0.40819968719309246,-0.9966551378592582,-0.013113883392884976
13.8,0.4050332830502646,-0.9947551993404329,-0.013088884201847801
13.82,0.4018712476801495,-0.9933827089144525,-0.013070825117295426
13.84,0.3987133814242094,-0.992072943068054,-0.013053591356158606
13.86,0.3954695135789889,-1.0190911391760678,-0.013409093936527207
13.88,0.392276670936028,-1.0030610991194213,-0.01319817235683449
13.9,0.3890980314736675,-0.9985990383362501,-0.013139461030740133
13.92,0.3859265632316404,-0.996346133024564,-0.013109817539796894
13.94,0.38276124122985294,-0.9944152347061751,-0.013084410982975988
13.96,0.37960229079179114,-0.9924135489269073,-0.013058073012196149
13.98,0.37645023614105116,-0.9902471734478275,-0.013029568071681942
14,0.37321539401651227,-1.0162556253974324,-0.01337178454470306
14.02,0.37003523094177826,-0.9990776952801895,-0.013145759148423548
14.04,0.36687335460829296,-0.9933327460836845,-0.013070167711627428
14.06,0.3637231602336716,-0.9896627504690386,-0.013021878295645245
14.08,0.36058404892279383,-0.9861809033054095,-0.012976064517176441
14.1,0.3574566712253294,-0.9824946799354796,-0.012927561578098415
14.12,0.3542516596966602,-1.0068840673137802,-0.013248474569918161
14.14,0.3511068339101217,-0.98797615878091,-0.012999686299748816
14.16,0.34798616134243343,-0.9803882012908625,-0.012899844753827137
14.18,0.34479308155816935,-1.0031355992570121,-0.013199152621802792
14.2,0.3416641187201993,-0.9829926665122106,-0.012934114033055404
14.22,0.33856312395191435,-0.9742062382864173,-0.012818503135347596
14.24,0.33539365579429065,-0.9957177879777508,-0.013101549841812509
14.26,0.3322020879199622,-1.0026606187423492,-0.013192902878188804
14.28,0.3290892091436939,-0.9779397095040239,-0.012867627756631892
14.3,0.32601191143546815,-0.9667615873070413,-0.012720547201408437
14.32,0.32287254867414394,-0.9862598987929682,-0.012977103931486423
14.34,0.31971743999098945,-0.9912066260275496,-0.013042192447730916
14.36,0.3166475488763124,-0.9644347373189748,-0.012689930754197037
14.38,0.31361998698217397,-0.9511366204913997,-0.012514955532781574
14.4,0.3105373360044972,-0.9684433665050645,-0.012742675875066637
14.42,0.30735582759476965,-0.9995003447334241,-0.01315132032543979
14.44,0.3042231003530508,-0.9841752888284415,-0.01294967485300581
14.46,0.30119609782976353,-0.9509608889557106,-0.012512643275733034
14.48,0.29822335344857864,-0.9339151908930821,-0.012288357774908975
14.5,0.2952059577729452,-0.9479428087543417,-0.012472931694136075
14.52,0.2921000674588578,-0.9757442193592829,-0.012838739728411618
14.54,0.28896321199227776,-0.9854722089180894,-0.012966739591027492
14.56,0.2859893602345332,-0.9342630834995433,-0.012292935309204518
14.58,0.28299984301126485,-0.939184534639985,-0.01235769124526296
14.6,0.28002535468827977,-0.9344630663678727,-0.012295566662735168
14.62,0.2769836781685612,-0.9555708608944253,-0.012573300801242438
14.64,0.2739248829849816,-0.9609488477569639,-0.01264406378627584
14.66,0.27095134325070425,-0.9341650584363043,-0.012291645505740845
14.68,0.26802110912523497,-0.9205602001872549,-0.012112634212990196
14.7,0.2650376021244476,-0.9372963675607164,-0.012332846941588375
14.72,0.26204818564198634,-0.9391528859820557,-0.012357274815553364
14.74,0.25915485735890204,-0.9089658878561302,-0.011960077471791187
14.76,0.2562254395470697,-0.9203037476947473,-0.01210925983808878
14.78,0.2533002967507467,-0.91896071196293,-0.012091588315301712
14.8,0.25038983077714566,-0.9143498521188177,-0.012030919106826549
14.82,0.24749849012703956,-0.9083414545398996,-0.011951861243946047
14.84,0.24462957150351228,-0.9012973671420234,-0.011859175883447676
14.86,0.24169586370194904,-0.921651487717006,-0.01212699325943429
14.88,0.23883723462845505,-0.8980648096626952,-0.011816642232403883
14.9,0.2360196683284688,-0.8851645589038989,-0.011646902090840775
14.92,0.233148604143443,-0.901971415166191,-0.01186804493639725
14.94,0.2302722359327723,-0.903637723966225,-0.011889970052187171
14.96,0.22749315015539098,-0.8730755461917071,-0.01148783613410141
14.98,0.2246797052401122,-0.8838697877119391,-0.011629865627788673
15,0.22187278701378277,-0.8818193679063794,-0.011602886419820782
15.02,0.21908331117508056,-0.876339680223315,-0.01153078526609625
15.04,0.21631623415637613,-0.8693028833878987,-0.011438195834051298
15.06,0.2135753548540597,-0.861072628053358,-0.01132990300070208
15.08,0.21086427452708906,-0.8517110038502828,-0.01120672373487214
15.1,0.20818658832377637,-0.8412199304945821,-0.011068683295981345
15.12,0.20545560710070196,-0.8579630547502289,-0.011288987562503012
15.14,0.2027214439249246,-0.858962694673787,-0.011302140719391935
15.16,0.20008740955657453,-0.8275063020911616,-0.010888240816988968
15.18,0.19742234324503552,-0.8372552745660619,-0.011016516770606078
15.2,0.19476755838863313,-0.8340252601735211,-0.01097401658123054
15.22,0.1921343830018292,-0.827236445079667,-0.010884690066837724
15.24,0.1895281781235872,-0.8187634099234901,-0.010773202762151185
15.26,0.18686282497737752,-0.8373453863354778,-0.011017702451782603
15.28,0.18427908053510958,-0.8117072558582492,-0.010680358629713806
15.3,0.1817437681477877,-0.7964918770565576,-0.010480156277059968
15.32,0.17916314731699323,-0.810725944372475,-0.010667446636479935
15.34,0.1765862189356288,-0.8095659271721423,-0.01065218325226503
15.36,0.17411636447062204,-0.7759276642701199,-0.01020957452987
15.38,0.17162272545232568,-0.7833998020584739,-0.010307892132348341
15.4,0.16914695882684044,-0.7777850242627348,-0.010234013477141247
15.42,0.16661042328834486,-0.79687614133071,-0.010485212385930396
15.44,0.16415558544622624,-0.7712100530554069,-0.010147500698097459
15.46,0.16174982054217507,-0.7557933348831314,-0.009944649143199097
15.48,0.15929970420541661,-0.769726748400066,-0.010127983531579817
15.5,0.15685450205734386,-0.7681829104927339,-0.010107669874904393
15.52,0.15451784573481028,-0.7340822336835645,-0.00965897675899427
15.54,0.1521591197161446,-0.7410156332071135,-0.009750205700093597
15.56,0.1498202181099802,-0.7347876103395523,-0.009668258030783583
15.58,0.1474227312447624,-0.7531927122846186,-0.009910430424797613
15.6,0.14510935185788912,-0.7267695686767259,-0.009562757482588499
15.62,0.14284767578848165,-0.7105264924450306,-0.009349032795329351
15.64,0.14054449369973462,-0.7235659929887291,-0.009520605170904332
15.66,0.13824928064966546,-0.7210624456520711,-0.009487663758579883
15.68,0.13597555605284736,-0.714311648965014,-0.009398837486381763
15.7,0.13381998192656314,-0.6771935839402775,-0.008910441893951019
15.72,0.13165072332909641,-0.6814926873537903,-0.00896700904412882
15.74,0.12941928381494627,-0.7010273984584103,-0.00922404471655803
15.76,0.12718416636068178,-0.702182857422767,-0.009239248123983777
15.78,0.12505109441583298,-0.670124315151545,-0.008817425199362435
15.8,0.12298042372355596,-0.650520383486117,-0.008559478730080486
15.82,0.12087764544039094,-0.660607280651942,-0.008692201061209763
15.84,0.11870180193456806,-0.6835613973254193,-0.00899422891217657
15.86,0.11660329060049238,-0.6592667790607066,-0.00867456288237772
15.88,0.11455145484592048,-0.644603213293596,-0.008481621227547316
15.9,0.11254394986833709,-0.6306762889620933,-0.008298372223185439
15.92,0.11049378837455243,-0.6440772287546582,-0.008474700378350766
15.94,0.10845189172088861,-0.6414807526539797,-0.008440536219131312
15.96,0.1065225781847042,-0.6061117231748286,-0.007975154252300377
15.98,0.10457571218321994,-0.6116259927786697,-0.008047710431298285
16,0.10265361348613221,-0.6038451146245314,-0.00794533045558594
16.02,0.10067827423715918,-0.6205711272921264,-0.008165409569633242
16.04,0.09879277117894783,-0.592348255599785,-0.007794055994734014
16.06,0.09687475147624376,-0.6025636607455653,-0.007928469220336387
16.08,0.09505843607616739,-0.5706123117481923,-0.007508056733528845
16.1,0.09321971295275124,-0.5776519056509846,-0.007600682969091902
16.12,0.0914021459213912,-0.5710055233127685,-0.00751323056990485
16.14,0.08952801157444415,-0.5887766696209187,-0.007747061442380509
16.16,0.08774047548321842,-0.5615710252221435,-0.007389092437133467
16.18,0.08600754683961492,-0.5444155895940052,-0.007163363020973752
16.2,0.08423640091723167,-0.556421901819475,-0.007321340813414145
16.22,0.0824768747415306,-0.5527714507381395,-0.00727330856234394
16.24,0.08083314425400931,-0.5163931624078486,-0.006794646873787482
16.26,0.07917511129758509,-0.520886415531212,-0.006853768625410684
16.28,0.07745484434373388,-0.5404378024432211,-0.007111023716358172
16.3,0.07582147646604945,-0.5131376525142963,-0.0067518112172933725
16.32,0.07424421513830176,-0.4955112600043436,-0.006519885000057153
16.34,0.0726304757260208,-0.5069711882430187,-0.006670673529513403
16.36,0.071030139362649,-0.5027604962441449,-0.006615269687422959
16.38,0.06945706652730112,-0.4941954063090574,-0.006502571135645493
16.4,0.06791790994427234,-0.48354030139676146,-0.006362372386799493
16.42,0.0664178765438746,-0.47124939108288405,-0.006200649882669528
16.44,0.06487156320802406,-0.4857886616055953,-0.006391956073757833
16.46,0.0633302659036847,-0.4842128288310325,-0.00637122143198727
16.48,0.06189841954366072,-0.44982780057205757,-0.005918786849632336
16.5,0.060536253544649934,-0.42793706954621125,-0.005630750915081727
16.52,0.05905902764512402,-0.46408420336432,-0.006106371096898947
16.54,0.057562652855655115,-0.47010000456124457,-0.00618552637580585
16.56,0.05625077233840765,-0.41213941953722266,-0.005422887099173983
16.58,0.05494859734727062,-0.4090903385844436,-0.005382767612953205
16.6,0.053599175134893616,-0.4239334908994492,-0.0055780722486769635
16.62,0.05216910951541845,-0.44926836442945023,-0.005911425847755924
16.64,0.050900652455378524,-0.3984975381215546,-0.00524338865949414
16.66,0.04962669398159588,-0.4002258582214037,-0.005266129713439522
16.68,0.048382087720376145,-0.39100458868597826,-0.0051447972195523455
16.7,0.04708724039193677,-0.4067882854545516,-0.005352477440191469
16.72,0.045884798544390266,-0.3777582474621045,-0.004970503256080323
16.74,0.044652189296568674,-0.38723561577031573,-0.005095205470662049
16.76,0.04343311867521062,-0.38298233082655764,-0.005039241195086285
16.78,0.04233033853770622,-0.34644859785085547,-0.004558534182248098
16.8,0.041213251540599155,-0.35094323035322655,-0.004617674083595086
16.82,0.040033595497381266,-0.37059987591361215,-0.004876314156758055
16.84,0.038849874086651234,-0.37187704878464,-0.0048931190629557895
16.86,0.037767731866497845,-0.33996500489732384,-0.004473223748648998
16.88,0.03674739690014243,-0.32054768345029655,-0.004217732676977586
16.9,0.035694190054214266,-0.33087468898783823,-0.004353614328787345
16.92,0.03465725808371462,-0.3257617860794074,-0.004286339290518518
16.94,0.033649982301702054,-0.3164450196909587,-0.0041637502590915615
16.96,0.0326785705500308,-0.3051780022661191,-0.004015500029817356
16.98,0.031657459001759675,-0.32079165385442737,-0.004220942813874045
17,0.03063753456336756,-0.3204187122869356,-0.0042160356879859945
17.02,0.029722757449265235,-0.28738570613359343,-0.0037813908701788603
17.04,0.028872853345103835,-0.2670052489889262,-0.0035132269603806074
17.06,0.027992872639945696,-0.27645409186255787,-0.0036375538402968143
17.08,0.027041417496895738,-0.29890844876259753,-0.00393300590477102
17.1,0.026168407977840837,-0.2742640291576827,-0.003608737225758983
17.12,0.025342665554412162,-0.25941463312009627,-0.00341335043579074
17.14,0.02447096142858985,-0.2738539277787288,-0.0036033411549832744
17.16,0.02360245746485873,-0.27284856720713085,-0.0035901127264096164
17.18,0.02284057250130455,-0.23935322043823498,-0.00314938447945046
17.2,0.02205440726333241,-0.24698109361209428,-0.0032497512317380827
17.22,0.021285508808020024,-0.24155657385659282,-0.003178375971797274
17.24,0.020545374718737058,-0.23251998175627384,-0.0030594734441614976
17.26,0.01983946423882261,-0.22176831777912798,-0.0029180041813043154
17.28,0.019081683965821737,-0.23806369386948006,-0.003132417024598422
17.3,0.01841274312077111,-0.21015396444971984,-0.0027651837427594716
17.32,0.01770902809958702,-0.2210785940772723,-0.0029089288694377933
17.34,0.01701336767601382,-0.21854816760907333,-0.002875633784329912
17.36,0.016427653404096756,-0.18400756537573368,-0.002421152175996496
17.38,0.015820415391718697,-0.19076944786673847,-0.0025101243140360327
17.4,0.015142500930984877,-0.21297310896036503,-0.0028022777494784872
17.42,0.014541820203148016,-0.18870941617252462,-0.002483018633849008
17.44,0.013986325778734208,-0.17451372028485165,-0.002296233161642785
17.46,0.013382140210385331,-0.18981049429298066,-0.0024975065038550085
17.48,0.012868128923325806,-0.1614814083288438,-0.002124755372747945
17.5,0.012320018336727493,-0.17219401922120497,-0.0022657107792263815
17.52,0.011780209827069758,-0.16958584482860017,-0.00223139269511316
17.54,0.011259893901587778,-0.16346206890399628,-0.002150816696105214
17.56,0.010763983403876876,-0.15579487764466313,-0.002049932600587673
17.58,0.010296099727992074,-0.14698999188942846,-0.0019340788406503747
17.6,0.009859569639974981,-0.13713997175853967,-0.001804473312612364
17.62,0.009367308198472023,-0.1546484928271223,-0.002034848589830557
17.64,0.008959253559355819,-0.12819414565106974,-0.001686765074356181
17.66,0.00851105752546779,-0.14080493674307165,-0.0018526965360930478
17.68,0.008064814041742004,-0.1401915250185244,-0.0018446253291911105
17.7,0.007721672349818911,-0.10780114184859593,-0.0014184360769552095
17.72,0.007349411406902438,-0.1169492243484806,-0.0015388055835326394
17.74,0.00698843436946249,-0.11340428089359443,-0.00149216159070519
17.76,0.006558802907722652,-0.1349727043952918,-0.0017759566367801553
17.78,0.006201613135473562,-0.11221447644351512,-0.00147650626899362
17.8,0.005882790456293776,-0.10016109867090356,-0.0013179091930382047
17.82,0.005597696359703703,-0.08956495194291914,-0.0011784862097752517
17.84,0.005257222601038643,-0.10696298589622565,-0.0014074077091608638
17.86,0.005000468326517574,-0.08066173426131659,-0.0010613386087015343
17.88,0.0047024791563237914,-0.09361605879301117,-0.0012317902472764627
17.9,0.004404785456289876,-0.09352323410465094,-0.0012305688697980385
17.92,0.004117661490156793,-0.09020265426732578,-0.001186877029833234
17.94,0.0038450877392357335,-0.08563156934550147,-0.0011267311755987035
17.96,0.0036800590869314584,-0.0518452801710936,-6.821747390933368E-4
17.98,0.003488187524755025,-0.06027822901662817,-7.931345923240548E-4
18,0.0032185863507476716,-0.08469770676606832,-0.0011144435100798463
18.02,0.002927341143216136,-0.09149738043743061,-0.001203912900492508
18.04,0.002717693129961359,-0.06586286582809041,-8.666166556327686E-4
18.06,0.002637759819039727,-0.025111790236850815,-3.304182925901423E-4
18.08,0.0024536415780720003,-0.057842451321608444,-7.610848858106374E-4
18.1,0.0022491544689720697,-0.06424151997021584,-8.4528315750284E-4
18.12,0.0020425910049897125,-0.06489382609470314,-8.538661328250413E-4
18.14,0.001929409693092895,-0.03555695779786984,-4.678547078667084E-4
18.16,0.0017753140751296428,-0.04841056613437321,-6.369811333470159E-4
18.18,0.0016193482854294076,-0.04899809791335901,-6.447118146494607E-4
18.2,0.001470667758763237,-0.04670936503063019,-6.145969082977657E-4
18.22,0.0013324039602646929,-0.043436853362044545,-5.715375442374282E-4
18.24,0.0012064371235166514,-0.039573648892359224,-5.207059064784108E-4
18.26,0.0011846666258719045,-0.006839403546573042,-8.999215192859266E-5
18.28,0.0010414902121470494,-0.04498019695253376,-5.918446967438653E-4
18.3,9.522382632009389E-4,-0.028039326712767234,-3.689385093785163E-4
18.32,8.885323113381943E-4,-0.020013815036194323,-2.633396715288727E-4
18.34,7.553995291986188E-4,-0.041824897032166124,-5.503275925285017E-4
18.36,6.896432910728959E-4,-0.020657931462347137,-2.7181488766246236E-4
18.38,6.550371504687936E-4,-0.010871839709094378,-1.4305052248808392E-4
18.4,5.548956405780208E-4,-0.03146038317922413,-4.1395241025294905E-4
18.42,5.255361207266951E-4,-0.009223565187784817,-1.2136269983927392E-4
18.44,4.4017500566815253E-4,-0.026816985197015086,-3.5285506838177746E-4
18.46,4.2901369767279574E-4,-0.0035064283202665965,-4.6137214740349955E-5
18.48,3.639488447166236E-4,-0.02044072640540105,-2.689569263868559E-4
18.5,2.8450506556582843E-4,-0.02495799929535481,-3.2839472757045806E-4
18.52,2.8948924032806835E-4,0.0015658246817260566,2.0602956338500744E-5
18.54,2.443734480689557E-4,-0.014173544152211153,-1.8649400200277833E-4
18.56,1.872514474202749E-4,-0.017945405759624698,-2.361237599950618E-4
18.58,2.1649774151832028E-4,0.009187994268314598,1.2089466142519207E-4
18.6,1.9735149382147556E-4,-0.00601497111082179,-7.914435672133934E-5
18.62,1.6771322772008758E-4,-0.00931113590492599,-1.2251494611744724E-4
18.64,1.3545593047926998E-4,-0.010133928803641484,-1.333411684689669E-4
18.66,1.0239803041232051E-4,-0.0103854455993434,-1.366505999913605E-4
18.68,6.909795292659814E-5,-0.010461527879311623,-1.3765168262252136E-4
18.7,1.2612902836614559E-4,0.01791684076272075,2.3574790477264143E-4
18.72,1.3687581972884576E-4,0.0033762040794721115,4.442373788779094E-5
18.74,1.3857335161517338E-4,5.332953703321284E-4,7.017044346475372E-6
18.76,4.835073884084065E-5,-0.02834426974795203,-3.729509177362109E-4
18.78,4.409345694986307E-6,-0.013804595789551687,-1.8163941828357484E-4
18.8,6.0098970414475176E-5,0.017495411589991874,2.3020278407884044E-4
18.82,7.120599705226809E-5,0.0034893753288516346,4.591283327436361E-5
18.84,7.339650407372182E-5,6.881680766235866E-4,9.054843113468243E-6
18.86,7.38037071719077E-5,1.2792662617797682E-4,1.6832450812891688E-6
18.88,7.385424948544001E-5,1.5878336088854913E-5,2.0892547485335414E-7
18.9,7.38334596420416E-5,-6.5313219289694745E-6,-8.593844643380887E-8
18.92,7.379840336725706E-5,-1.1013253532534352E-5,-1.4491123069124147E-7
18.94,7.37604938061953E-5,-1.1909639853247327E-5,-1.56705787542728E-7
18.96,7.372201358787807E-5,-1.2088917117389924E-5,-1.590646989130253E-7
18.98,7.368341923810976E-5,-1.2124772570218441E-5,-1.5953648118708475E-7
19,7.364480206205124E-5,-1.2131943660784145E-5,-1.5963083764189665E-7
19.02,7.360618032073466E-5,-1.2133377878897288E-5,-1.5964970893285907E-7
19.04,7.356755766636649E-5,-1.2133664722519917E-5,-1.5965348319105155E-7
19.06,7.352893482938799E-5,-1.2133722091244443E-5,-1.5965423804269003E-7
19.08,7.349031195588742E-5,-1.2133733564989347E-5,-1.5965438901301772E-7
19.1,7.345168907508245E-5,-1.2133735859738327E-5,-1.5965441920708327E-7
19.12,7.34130661928166E-5,-1.2133736318688126E-5,-1.5965442524589638E-7
19.14,7.337444331025857E-5,-1.2133736410478084E-5,-1.59654426453659E-7
19.16,7.333582042764211E-5,-1.2133736428836075E-5,-1.5965442669521152E-7
19.18,7.329719754501394E-5,-1.2133736432507673E-5,-1.5965442674352202E-7
19.2,7.325857466238346E-5,-1.2133736433241993E-5,-1.5965442675318412E-7
19.22,7.321995177975248E-5,-1.2133736433388858E-5,-1.5965442675511655E-7
19.24,7.318132889712143E-5,-1.2133736433418232E-5,-1.5965442675550304E-7
19.26,7.314270601449036E-5,-1.2133736433424105E-5,-1.5965442675558033E-7
19.28,7.310408313185929E-5,-1.2133736433425279E-5,-1.5965442675559579E-7
19.3,7.306546024922821E-5,-1.2133736433425516E-5,-1.5965442675559888E-7
19.32,7.302683736659714E-5,-1.213373643342556E-5,-1.596544267555995E-7
19.34,7.298821448396607E-5,-1.2133736433425572E-5,-1.5965442675559962E-7
19.36,7.294959160133499E-5,-1.2133736433425574E-5,-1.5965442675559965E-7
19.38,7.29109687187039E-5,-1.2133736433425574E-5,-1.5965442675559965E-7
19.4,7.287234583607284E-5,-1.2133736433425574E-5,-1.5965442675559965E-7
19.42,7.283372295344175E-5,-1.2133736433425574E-5,-1.5965442675559965E-7
19.44,7.279510007081068E-5,-1.2133736433425574E-5,-1.5965442675559965E-7
19.46,7.275647718817962E-5,-1.2133736433425574E-5,-1.5965442675559965E-7
19.48,7.271785430554853E-5,-1.2133736433425574E-5,-1.5965442675559965E-7
19.5,7.267923142291746E-5,-1.2133736433425574E-5,-1.5965442675559965E-7
19.52,7.26406085402864E-5,-1.2133736433425574E-5,-1.5965442675559965E-7
19.54,7.260198565765531E-5,-1.2133736433425574E-5,-1.5965442675559965E-7
19.56,7.256336277502424E-5,-1.2133736433425574E-5,-1.5965442675559965E-7
19.58,7.252473989239317E-5,-1.2133736433425574E-5,-1.5965442675559965E-7
19.6,7.248611700976208E-5,-1.2133736433425574E-5,-1.5965442675559965E-7
19.62,7.244749412713101E-5,-1.2133736433425574E-5,-1.5965442675559965E-7
19.64,7.240887124449994E-5,-1.2133736433425574E-5,-1.5965442675559965E-7
19.66,7.237024836186886E-5,-1.2133736433425574E-5,-1.5965442675559965E-7
19.68,7.233162547923779E-5,-1.2133736433425574E-5,-1.5965442675559965E-7
19.7,7.229300259660672E-5,-1.2133736433425574E-5,-1.5965442675559965E-7
19.72,7.225437971397564E-5,-1.2133736433425574E-5,-1.5965442675559965E-7
19.74,7.221575683134457E-5,-1.2133736433425574E-5,-1.5965442675559965E-7
19.76,7.21771339487135E-5,-1.2133736433425574E-5,-1.5965442675559965E-7
19.78,7.213851106608242E-5,-1.2133736433425574E-5,-1.5965442675559965E-7
19.8,7.209988818345135E-5,-1.2133736433425574E-5,-1.5965442675559965E-7
19.82,7.206126530082028E-5,-1.2133736433425574E-5,-1.5965442675559965E-7
19.84,7.202264241818918E-5,-1.2133736433425574E-5,-1.5965442675559965E-7
19.86,7.198401953555812E-5,-1.2133736433425574E-5,-1.5965442675559965E-7
19.88,7.194539665292705E-5,-1.2133736433425574E-5,-1.5965442675559965E-7
19.9,7.190677377029596E-5,-1.2133736433425574E-5,-1.5965442675559965E-7
19.92,7.18681508876649E-5,-1.2133736433425574E-5,-1.5965442675559965E-7
19.94,7.182952800503383E-5,-1.2133736433425574E-5,-1.5965442675559965E-7
19.96,7.179090512240274E-5,-1.2133736433425574E-5,-1.5965442675559965E-7
19.98,7.175228223977167E-5,-1.2133736433425574E-5,-1.5965442675559965E-7
